track_id,first_frame,last_frame,duration_seconds,total_distance_pixels,average_speed_pixels_per_second,min_x,max_x,min_y,max_y,path_length
1,3,77,2.466666666666667,1039.421338219599,421.3870290079455,1473,2245,244,567,75
2,3,73,2.333333333333333,1959.2906198966543,839.6959799557092,1765,3265,789,1629,71
3,3,45,1.4,494.68347226064975,353.34533732903554,2711,3072,213,317,43
4,3,35,1.0666666666666667,176.4442502784209,165.4164846360196,386,388,229,405,33
5,3,50,1.5666666666666667,442.82385642835175,282.65352537979896,2757,3019,166,435,48
6,3,38,1.1666666666666665,309.7573811481553,265.50632669841883,1255,1386,574,854,36
7,3,102,3.3,2158.5162860657424,654.0958442623462,-246,485,-406,725,100
10,3,77,2.466666666666667,1050.346884638201,425.8163045830544,2703,3021,745,1427,75
13,5,48,1.4333333333333333,516.7237734768993,360.50495823969715,2713,3130,199,321,44
30,10,44,1.1333333333333333,181.96553429105262,160.5578243744582,470,570,35,181,35
31,10,104,3.1333333333333333,2194.241292419811,700.2897741765355,-696,1241,173,351,95
32,10,40,1.0,191.70209505544625,191.70209505544625,2733,2859,75,219,31
42,15,45,1.0,151.6972825379167,151.6972825379167,1741,1821,135,263,31
46,16,49,1.1,502.2196055150342,456.5632777409401,2460,2585,81,564,34
47,17,48,1.0333333333333334,3342.5477896020525,3234.7236673568245,1671,5009,-15,157,32
51,18,57,1.2999999999999998,508.3854716681874,391.0657474370673,1229,1534,167,291,40
54,19,55,1.2,387.1747490115025,322.6456241762521,2845,2986,-145,210,37
56,20,58,1.2666666666666666,317.2137843367857,250.43193500272557,536,844,19,68,39
59,21,123,3.3999999999999995,3612.682611806826,1062.553709354949,624,2962,398,1330,103
60,21,51,1.0,132.67788167605067,132.67788167605067,1660,1726,76,190,31
61,22,61,1.2999999999999998,2093.78388710321,1610.6029900793926,2530,3178,298,2287,40
66,24,159,4.5,2601.021881646447,578.0048625880994,1499,2339,21,548,136
68,25,55,0.9999999999999999,140.3773916177473,140.37739161774732,1681,1762,108,222,31
72,29,59,0.9999999999999999,100.25737381639479,100.2573738163948,1510,1556,334,422,31
74,30,61,1.0333333333333332,1128.2774352623799,1091.8813889635935,2669,3185,651,1654,32
75,31,120,2.966666666666667,2563.473274388877,864.0921149625428,2132,3038,572,1350,90
81,33,65,1.0666666666666664,226.31205241462112,212.16754913870736,58,225,196,318,33
82,33,70,1.2333333333333334,208.85274948834086,169.3400671527088,1830,2033,264,308,38
84,33,70,1.2333333333333334,131.8881059095012,106.93630208878476,1714,1839,155,190,38
86,35,77,1.4000000000000001,712.068692911321,508.62049493665785,2740,3053,899,1522,43
87,35,108,2.4333333333333336,1148.5640663554943,472.0126300091072,556,1561,276,432,74
89,36,77,1.366666666666667,160.64610671053072,117.5459317394127,855,927,355,493,42
90,37,140,3.4333333333333336,4129.872400962047,1202.8754565908876,125,3504,277,1716,104
91,37,73,1.1999999999999997,877.0264501809055,730.8553751507548,118,931,178,453,37
92,37,159,4.066666666666666,488.38409519737945,120.09444963869987,2774,2896,788,941,123
95,37,68,1.0333333333333332,2065.6395047548785,1999.005972343431,1201,3015,-467,521,32
100,42,84,1.4,1547.234889890331,1105.1677784930937,89,1608,834,973,43
103,46,116,2.333333333333333,229.9073644491592,98.53172762106824,1751,1950,181,211,71
104,47,90,1.4333333333333333,89.24873190287708,62.26655714154215,1116,1202,56,62,44
105,47,161,3.8,599.123024282354,157.66395375851423,1896,2458,288,357,115
107,48,83,1.1666666666666665,1000.3742829111012,857.4636710666583,426,1426,462,471,36
108,50,96,1.5333333333333334,561.9601025877546,366.49571907897035,2385,2718,30,450,47
109,53,92,1.3000000000000003,1123.4149502416435,864.1653463397256,2596,3444,1399,2103,40
110,54,100,1.5333333333333334,107.77441965019142,70.28766498925526,1501,1569,272,337,47
111,57,88,1.0333333333333332,220.91536123038975,213.7890592552159,327,546,-8,18,32
114,59,111,1.7333333333333336,1176.5856039797604,678.7993869114001,1810,2907,784,1137,53
115,62,116,1.7999999999999998,138.85783663489917,77.143242574944,2247,2304,927,962,55
117,64,103,1.2999999999999998,131.98368998798185,101.52591537537067,1801,1922,180,215,40
118,64,103,1.2999999999999998,182.6343446047681,140.48795738828318,1968,2137,310,342,40
120,67,151,2.8,655.6327620606515,234.15455787880413,2186,2587,-14,243,85
123,70,143,2.433333333333333,503.39277780196085,206.8737443021757,2193,2564,2,212,74
124,72,272,6.666666666666666,4164.678369929083,624.7017554893624,229,1868,163,830,201
125,75,160,2.833333333333333,1666.0123575130497,588.0043614751941,2420,3239,512,782,86
126,76,106,1.0,509.2348869027127,509.2348869027127,-176,188,276,632,31
128,78,111,1.1,284.9225134489674,259.0204667717885,-132,148,261,308,34
130,80,112,1.0666666666666669,563.9929799569137,528.7434187096065,2001,2525,-37,170,33
131,83,115,1.0666666666666669,494.00705399890796,463.13161312397614,-372,92,245,391,33
135,85,115,1.0,155.32769737634314,155.32769737634314,78,102,276,429,31
138,90,122,1.0666666666666664,446.91768894499575,418.9853333859336,1373,1759,497,716,33
139,91,189,3.2666666666666666,1103.9613795535452,337.94736108781996,2647,2932,611,1006,99
142,91,239,4.933333333333334,1637.4195387036018,331.90936595343277,-91,151,-97,643,149
145,93,165,2.4,366.5540933043349,152.73087221013955,-75,31,280,370,73
148,95,156,2.0333333333333337,214.58292237415276,105.53258477417347,1886,2044,203,248,62
150,98,194,3.2,1336.6979194030391,417.7180998134497,1581,2406,-402,460,97
153,101,186,2.8333333333333335,790.3686765718638,278.95365055477544,969,1228,357,702,86
154,101,275,5.799999999999999,2079.3268366809857,358.5046270139631,195,1195,72,728,175
159,105,158,1.7666666666666666,210.75970639518016,119.29794701613972,1226,1399,-14,98,54
161,105,159,1.7999999999999998,255.01369819179845,141.67427677322138,2665,2855,103,194,55
163,112,150,1.2666666666666666,1141.2008935195577,900.9480738312297,2457,3576,750,829,39
165,115,226,3.6999999999999997,686.7134837581132,185.5982388535441,247,367,18,606,112
166,118,157,1.3000000000000003,1055.2180222711343,811.7061709777954,1168,2102,695,1156,40
167,120,151,1.0333333333333332,1821.244520288662,1762.494697053544,2371,4168,762,1057,32
168,121,161,1.333333333333333,2552.933839736085,1914.700379802064,2007,4556,93,187,41
170,130,166,1.2000000000000002,62.97355426016861,52.47796188347384,2310,2354,21,63,37
171,131,166,1.166666666666667,342.03429646133316,293.17225410971406,1054,1386,19,99,36
177,136,181,1.5,201.1734289405552,134.11561929370347,2754,2886,511,650,46
179,137,169,1.0666666666666673,374.95826448709363,351.52337295665006,2825,3195,167,222,33
180,137,170,1.1000000000000005,125.29205828843507,113.90187117130455,2078,2184,92,158,34
182,138,176,1.2666666666666666,205.35210194974673,162.12008048664217,2329,2530,263,302,39
183,139,169,1.0,255.6380123932098,255.6380123932098,2852,3077,4,125,31
185,142,179,1.2333333333333334,174.3778825825663,141.38747236424294,993,1140,14,49,38
186,144,174,1.0,885.5154958087936,885.5154958087936,2094,2845,-312,157,31
188,145,178,1.1000000000000005,90.09829019064021,81.90753653694561,2285,2318,-46,36,34
193,153,183,1.0,112.72471466002457,112.72471466002457,1642,1683,132,236,31
196,154,185,1.0333333333333332,254.33849166275436,246.13402418976233,819,1062,-51,22,32
199,155,190,1.166666666666666,638.4763752288508,547.2654644818724,2812,2997,-38,572,36
202,157,187,1.0,230.96261438382788,230.96261438382788,1484,1544,426,649,31
211,163,235,2.3999999999999995,1001.2724226094757,417.1968427539483,1406,1517,-432,557,73
220,168,216,1.6000000000000005,216.3928740613468,135.2455462883417,1143,1248,229,408,49
224,177,230,1.7666666666666666,389.2047871570965,220.3045965040169,1650,1841,439,566,54
228,179,214,1.166666666666667,548.8915990496367,470.4785134711171,1630,2162,-107,26,36
230,182,270,2.9333333333333336,405.9541709606403,138.39346737294554,-28,153,84,296,89
231,184,214,1.0,121.23105625617659,121.23105625617659,1732,1742,-61,59,31
241,193,253,2.0,1553.6285041898795,776.8142520949398,-147,1219,-15,291,61
251,200,236,1.1999999999999993,192.595157999132,160.49596499927677,1213,1265,58,240,37
253,200,279,2.6333333333333337,479.2746936906801,182.00304823696712,96,411,205,294,80
258,203,233,1.0,289.72580628077503,289.72580628077503,1070,1359,200,214,31
261,205,365,5.333333333333333,673.2289584502339,126.23042970941886,1665,1910,375,536,161
263,206,252,1.533333333333334,387.5896526569493,252.77586042844507,297,675,123,152,47
264,207,237,1.0,65.62950700533379,65.62950700533379,1751,1767,232,294,31
266,207,264,1.9000000000000004,411.1592271346088,216.39959322874142,1274,1524,179,201,58
267,208,238,1.0,71.00065640308334,71.00065640308334,1435,1467,-46,17,31
268,212,354,4.733333333333334,1203.2722372245482,254.21244448405943,988,1864,148,343,143
269,213,262,1.6333333333333329,69.73988368225456,42.697887968727294,1714,1761,267,290,50
270,213,283,2.333333333333334,509.86874626815467,218.51517697206623,1448,1917,258,427,71
272,218,344,4.2,398.2903344124151,94.83103200295598,2475,2632,531,617,127
273,223,253,1.0,65.82571481753767,65.82571481753767,120,140,-38,23,31
275,226,274,1.5999999999999996,127.7706862037431,79.85667887733945,2449,2509,534,640,49
278,232,328,3.2,1381.097569290586,431.59299040330814,1830,2685,437,686,97
279,233,267,1.1333333333333337,233.82748428059844,206.3183684828809,227,450,153,222,35
281,240,287,1.5666666666666664,355.30113899228934,226.7879610589081,119,271,215,333,48
288,248,310,2.0666666666666664,141.70869194422414,68.56872190849556,4,50,211,246,63
289,249,281,1.0666666666666664,642.1066962793162,601.9750277618591,656,1242,302,558,33
292,251,298,1.5666666666666664,61.24530584979465,39.092748414762546,393,420,310,341,48
293,254,289,1.166666666666666,28.40491834728767,24.34707286910373,2259,2283,1235,1241,36
294,260,296,1.200000000000001,266.32804917280464,221.940040977337,429,515,33,274,37
296,265,301,1.1999999999999993,370.58078511222527,308.81732092685456,-195,170,186,248,37
297,266,514,8.266666666666666,2008.2725790548136,242.93619907921135,-224,459,184,448,249
299,269,330,2.033333333333333,549.5161393130795,270.25383900643254,453,694,-106,161,62
301,273,307,1.1333333333333329,43.11269837220809,38.04061621077186,1312,1343,289,314,35
304,295,329,1.1333333333333329,28.485281374238575,25.134071800798754,22,44,446,457,35
305,298,575,9.233333333333334,4326.1487964963635,468.5359707396783,-104,2233,386,1016,278
309,304,340,1.200000000000001,264.22290605416515,220.18575504513743,684,706,-36,226,37
311,306,405,3.3000000000000007,2211.836278970114,670.2534178697314,66,2030,785,1289,100
312,307,348,1.3666666666666671,49.365746312736945,36.12127778980751,1414,1459,260,263,42
313,311,489,5.933333333333334,931.6723008175675,157.02342148610688,-107,293,-21,310,179
314,316,426,3.666666666666666,2122.043196618652,578.7390536232688,1392,3356,-103,359,111
315,317,361,1.4666666666666668,1374.9474324452453,937.4641584853945,1007,2273,50,553,45
316,318,375,1.9000000000000004,95.3014433335643,50.15865438608646,1919,1926,412,502,58
319,342,791,14.966666666666667,1701.3011874187812,113.67268512820364,1482,2173,106,445,450
320,347,449,3.4000000000000004,433.1065115973078,127.38426811685522,2591,2943,432,534,103
321,355,396,1.3666666666666654,52.2645531186034,38.24235594044155,1185,1230,207,221,42
323,368,469,3.3666666666666654,916.321485265651,272.1746985937578,1214,1926,372,641,102
325,381,453,2.4000000000000004,1883.255872350222,784.6899468125924,1715,3452,994,1112,73
326,382,467,2.833333333333334,218.60451876921744,77.15453603619437,-29,150,255,301,86
329,394,551,5.233333333333334,560.7327634825891,107.14638792660936,1557,1962,283,369,158
330,395,432,1.2333333333333343,729.6066025224357,591.5729209641365,41,236,-300,401,38
331,397,449,1.7333333333333343,57.62961130059514,33.247852673420255,1470,1506,223,252,53
334,401,432,1.0333333333333332,457.6188175521949,442.8569202118016,2830,3283,80,137,32
335,402,432,1.0,342.85760377092487,342.85760377092487,2839,3130,-148,33,31
336,405,492,2.8999999999999986,285.4692905049003,98.43768638100015,-78,141,92,183,88
338,409,474,2.166666666666668,138.5114679174552,63.92836980805622,2784,2919,673,678,66
339,418,449,1.0333333333333332,218.9310897729512,211.86879655446893,1746,1808,554,759,32
340,420,473,1.7666666666666675,136.25566878107378,77.12585025343795,2680,2731,393,474,54
341,425,510,2.833333333333334,571.6615415148531,201.76289700524222,-12,228,-96,275,86
344,434,566,4.4,369.3234639633378,83.93715090075858,2693,2912,121,393,133
346,444,511,2.2333333333333343,154.59168344863303,69.22015676804462,2768,2918,601,619,68
347,445,605,5.333333333333334,1495.3611347460414,280.38021276488274,1697,2688,451,631,161
348,446,543,3.2333333333333343,943.6003079785742,291.8351467974971,-93,170,81,542,98
350,453,535,2.7333333333333325,219.55757646482488,80.32594260908229,1379,1546,234,259,83
351,456,497,1.3666666666666671,315.39099086976483,230.77389575836443,1246,1319,56,287,42
353,459,541,2.7333333333333343,318.41074878687454,116.49173736105162,1905,2200,332,437,83
355,466,497,1.0333333333333332,110.57076657157208,107.00396764990847,-99,11,133,137,32
357,469,516,1.5666666666666664,286.0543630874392,182.58789133240802,2602,2853,-44,84,48
358,469,525,1.8666666666666671,518.5076476778369,277.7719541131268,1266,1471,122,252,57
360,479,532,1.7666666666666675,303.4861274487963,171.7846004427148,68,321,1516,1606,54
362,482,522,1.3333333333333321,344.3849655978421,258.28872419838183,817,940,568,865,41
366,487,520,1.0999999999999979,536.8402750677037,488.0366136979134,943,1336,237,601,34
368,490,523,1.1000000000000014,119.51426298236458,108.64932998396766,2644,2742,-41,25,34
371,495,559,2.133333333333333,1096.135498259504,513.8135148091426,890,1312,345,839,65
373,496,536,1.3333333333333321,340.75862016513804,255.56896512385376,786,864,680,801,41
374,497,533,1.1999999999999993,41.963990038857645,34.96999169904806,1272,1283,217,254,37
375,499,642,4.766666666666666,688.9089122218253,144.52634522136196,1556,2048,67,307,144
376,501,534,1.1000000000000014,340.8191048993344,309.8355499084854,2519,2770,1344,1574,34
377,506,536,1.0,267.56920928559504,267.56920928559504,35,132,1321,1570,31
382,519,550,1.0333333333333314,27.414213562373096,26.529884092619174,1287,1288,236,263,32
383,519,574,1.8333333333333321,153.33118546091973,83.63519206959263,2120,2264,324,369,56
392,545,653,3.599999999999998,1550.594583825715,430.72071772936556,651,959,741,1390,109
393,547,589,1.3999999999999986,57.697956606994666,41.21282614785338,901,938,151,191,43
395,556,749,6.43333333333333,835.3859910413445,129.85274472145258,2233,2951,319,599,194
399,564,711,4.899999999999999,3743.375402347203,763.9541637443274,306,1453,549,1349,148
405,567,785,7.266666666666669,397.43201217916584,54.69247874025216,620,900,186,330,219
406,567,610,1.4333333333333336,96.2681297403712,67.1638114467706,2538,2623,273,305,44
411,575,607,1.0666666666666664,657.3762062212554,616.2901933324271,-558,98,1075,1114,33
417,581,647,2.1999999999999993,1079.95155840385,490.88707200175014,270,791,1243,1570,67
419,584,651,2.2333333333333343,483.65688943825245,216.56278631563532,63,241,85,193,68
423,594,649,1.8333333333333321,342.6373399074464,186.89309449497088,-15,211,107,266,56
424,599,631,1.06666666666667,64.88321330258519,60.82801247117343,2807,2852,2,46,33
429,605,637,1.0666666666666664,66.06793159707802,61.938685872260656,2803,2842,-18,34,33
430,608,648,1.3333333333333357,442.0278164907867,331.5208623680894,125,505,152,285,41
433,611,642,1.0333333333333314,81.36577217135786,78.74106984324969,2766,2831,-27,20,32
434,612,642,1.0,482.21151008058035,482.21151008058035,2545,3025,-33,10,31
435,612,659,1.5666666666666664,47.96399003885764,30.6153127907602,1396,1429,253,268,48
436,613,668,1.8333333333333321,66.47870866461908,36.261113817064974,1675,1739,327,330,56
439,615,687,2.3999999999999986,131.64024925750908,54.85010385729549,2451,2540,247,279,73
440,615,663,1.6000000000000014,562.303155908939,351.4394724430865,-180,296,199,331,49
442,621,655,1.1333333333333329,10.414213562373096,9.189011966799795,2773,2774,1278,1284,35
445,624,704,2.6666666666666643,850.3828945586437,318.89358545949165,54,377,23,379,81
446,626,684,1.9333333333333336,1288.60795145119,666.5213541988913,689,1775,1137,1331,59
447,626,688,2.0666666666666664,148.75340796830102,71.97745546853275,2042,2103,-34,93,63
448,628,723,3.166666666666668,367.72635883536446,116.12411331643084,218,456,-48,195,96
449,631,675,1.466666666666665,936.3529513904438,638.4224668571214,2142,2976,1364,1782,45
451,635,676,1.3666666666666671,35.963990038857645,26.315114662578754,849,869,236,258,42
453,637,696,1.966666666666665,44.638263819321516,22.697422281010958,1397,1413,232,251,60
454,637,678,1.3666666666666671,112.35180169799784,82.20863538877889,85,107,190,266,42
458,640,677,1.2333333333333343,304.98344009142454,247.28387034439808,37,330,383,462,38
459,641,688,1.5666666666666664,371.15548903963565,236.9077589614696,38,387,178,256,48
461,651,723,2.400000000000002,1432.1715390359868,596.7381412649939,999,1802,100,877,73
462,654,907,8.433333333333334,622.6412625256064,73.83097974611934,2588,2861,300,584,254
464,660,700,1.3333333333333321,491.48311292188873,368.6123346914169,113,597,178,226,41
465,665,700,1.1666666666666643,72.91215322846618,62.49613133868542,395,410,276,322,36
467,669,729,2.0,303.3074555668246,151.6537277834123,231,315,152,237,61
469,676,751,2.5,684.1916090479011,273.6766436191605,227,652,231,313,76
471,679,730,1.6999999999999993,1515.2727789112548,891.3369287713267,2080,3555,681,908,52
473,682,733,1.6999999999999993,681.3587829908489,400.7992841122642,36,653,1329,1582,52
475,682,726,1.466666666666665,65.12803809407268,44.40548051868597,1616,1662,289,325,45
476,686,719,1.0999999999999979,1165.9305876406704,1059.936897855157,1195,2216,-30,527,34
477,689,760,2.366666666666667,1091.9715189046478,461.3964164385835,2111,2776,1063,1286,72
478,689,791,3.400000000000002,1766.166739215813,519.4608056517094,1703,3156,396,1028,103
480,692,844,5.066666666666666,552.366759478223,109.01975516017559,583,965,113,333,153
481,695,747,1.7333333333333307,987.2393918418942,569.5611876010937,1336,2296,310,457,53
482,696,732,1.1999999999999993,1082.377442198384,901.9812018319872,2680,3419,663,1320,37
483,699,738,1.3000000000000007,878.3407029634405,675.6466945872615,66,632,1224,1877,40
487,711,742,1.033333333333335,146.46608057007936,141.74136829362496,1643,1680,182,323,32
490,713,792,2.633333333333333,1687.001943991383,640.6336496169811,-62,707,-141,337,80
492,717,747,1.0,71.89625442656285,71.89625442656285,2840,2902,507,542,31
493,717,747,1.0,237.38235655335822,237.38235655335822,1730,1967,244,250,31
494,718,763,1.5,195.33767185310828,130.22511456873886,169,263,275,333,46
498,722,752,1.0,193.08276253029823,193.08276253029823,8,9,-139,54,31
500,724,841,3.900000000000002,2505.729242328998,642.4946775202556,673,2541,618,1396,118
503,730,786,1.8666666666666671,1406.6883089858704,753.5830226710018,234,907,1205,1662,57
505,733,769,1.1999999999999993,38.02848514110363,31.690404284253045,867,883,273,303,37
508,735,767,1.0666666666666664,277.0956273657032,259.7771506553468,24,213,33,235,33
513,750,784,1.1333333333333329,936.5119406980473,826.3340653218067,897,1804,444,451,35
514,751,861,3.6666666666666643,1908.24373520064,520.4301096001749,538,1324,1164,1736,111
517,753,796,1.4333333333333336,106.76937934263445,74.49026465765193,1417,1455,296,392,44
519,755,839,2.799999999999997,631.8477165158802,225.65989875567172,1338,1708,346,431,85
524,764,936,5.733333333333334,3076.1129293331305,536.5313248836854,1420,3494,104,495,173
526,765,804,1.3000000000000007,103.96907506638028,79.97621158952325,2148,2195,145,236,40
527,766,829,2.099999999999998,1594.055729981284,759.0741571339455,460,1994,270,370,64
528,767,832,2.166666666666668,404.5419558191206,186.71167191651708,2162,2499,159,218,66
529,769,809,1.3333333333333321,581.8019705479592,436.3514779109698,2455,2746,1251,1389,41
530,772,818,1.5333333333333314,1385.5925872046012,903.6473394812627,621,1702,40,385,47
533,778,920,4.733333333333334,347.105163819894,73.33207686335787,2163,2372,-26,188,143
534,779,831,1.7333333333333343,1123.5711177341293,648.2141063850743,2281,3019,666,1179,53
537,786,831,1.5,289.9614745313447,193.30764968756316,2657,2836,895,941,46
539,789,920,4.366666666666667,2507.789202599935,574.3028708244125,1029,3076,365,970,132
540,792,830,1.2666666666666693,173.5539153077985,137.01624892720906,2646,2774,775,854,39
541,793,878,2.833333333333332,205.4702467892246,72.51891063149107,2711,2859,60,107,86
542,793,840,1.5666666666666664,502.46064475696056,320.7195604831664,867,905,-256,239,48
545,812,842,1.0,49.5870286298333,49.5870286298333,2542,2571,146,185,31
546,812,846,1.1333333333333329,645.3822359500209,569.4549140735481,128,767,403,484,35
549,816,905,2.9666666666666686,1263.438828443471,425.87825677869785,1892,2971,724,841,90
551,821,858,1.2333333333333343,961.5025400624257,779.5966541046689,123,1083,838,877,38
552,823,868,1.5,1664.5037562685966,1109.669170845731,534,2188,464,511,46
553,830,887,1.8999999999999986,213.0265142201678,112.11921801061472,449,589,21,166,58
554,833,881,1.6000000000000014,971.7884184917039,607.3677615573143,533,1483,710,865,49
555,839,877,1.2666666666666693,1056.202203184467,833.8438446193143,1154,2200,431,483,39
556,840,975,4.5,2327.4374002189365,517.2083111597636,66,1756,824,1167,136
561,850,942,3.0666666666666664,3156.9780119924576,1029.4493517366711,1492,4418,1164,1582,93
565,855,1087,7.733333333333334,2335.153192647108,301.95946456643634,325,1657,-128,806,233
566,855,885,1.0,52.26674742122904,52.26674742122904,840,886,11,30,31
568,859,915,1.8666666666666671,645.4819839973234,345.793919998566,840,1444,-22,82,57
569,862,904,1.3999999999999986,128.69715771638514,91.92654122598948,401,513,46,106,43
571,866,901,1.1666666666666679,51.65317963360719,44.27415397166326,634,670,148,184,36
577,875,951,2.5333333333333314,1237.4629204913524,488.47220545711315,2117,2877,170,373,77
578,875,911,1.1999999999999993,78.68647728754104,65.57206440628424,1302,1349,269,329,37
580,878,996,3.933333333333337,502.07392394200696,127.64591286661181,1123,1530,183,328,119
583,881,911,1.0,415.7270567662995,415.7270567662995,2174,2589,148,168,31
585,883,936,1.7666666666666657,1053.8254498280417,596.5049716007786,2248,3276,183,268,54
586,883,914,1.0333333333333314,530.297520767867,513.1911491301948,1049,1569,88,188,32
588,885,937,1.7333333333333343,127.40542725459788,73.50313110842181,343,458,33,80,53
589,887,919,1.0666666666666664,178.94243955953516,167.75853708706424,1095,1131,-153,21,33
590,887,919,1.0666666666666664,299.2081559951368,280.5076462454408,2116,2340,8,204,33
592,889,929,1.3333333333333321,89.48171037456795,67.11128278092602,1325,1388,245,302,41
593,889,959,2.333333333333332,141.78939782539948,60.766884782314094,1126,1233,253,325,71
594,892,925,1.0999999999999979,68.30399957457779,62.09454506779811,599,649,106,150,34
595,892,929,1.2333333333333307,67.65703479948215,54.85705524282348,35,92,88,114,38
596,892,924,1.0666666666666664,576.418589901504,540.3924280326601,2795,3319,703,885,33
598,895,941,1.533333333333335,861.7223580292155,561.992842192966,2500,2956,36,209,47
600,895,933,1.2666666666666693,249.8001340021956,197.21063210699612,42,283,151,214,39
602,896,1062,5.533333333333331,3285.9587187097604,593.8479612126075,1313,2560,424,1228,167
604,897,929,1.0666666666666664,34.72792206135786,32.557426932523,2333,2363,0,10,33
605,897,930,1.1000000000000014,758.7157532788974,689.7415938899059,2352,3108,65,127,34
606,903,984,2.6999999999999957,128.15844142134392,47.46608941531264,790,904,266,295,82
607,906,956,1.6666666666666679,178.70746108502232,107.22447665101332,-22,99,154,175,51
609,908,956,1.6000000000000014,134.57660209918203,84.11037631198869,1350,1416,159,273,49
610,909,979,2.333333333333332,419.7992166946612,179.91395001199774,170,299,89,213,71
611,913,945,1.0666666666666664,677.6288947849444,635.2770888608854,2112,2650,-302,104,33
612,914,955,1.3666666666666671,156.8736161125113,114.78557276525213,244,384,-17,50,42
613,914,950,1.2000000000000028,43.449271413096206,36.207726177580085,2321,2338,555,591,37
614,915,945,1.0,729.0399840127873,729.0399840127873,2631,3360,89,91,31
617,920,962,1.4000000000000021,924.2763867426291,660.1974191018769,2669,3037,199,915,43
620,922,957,1.1666666666666643,529.1807125503633,453.5834679003123,2626,2847,224,626,36
622,923,956,1.1000000000000014,1495.4182455329558,1359.4711323026854,2669,4101,343,773,34
623,925,961,1.1999999999999993,660.1729299886755,550.1441083238966,2702,3360,238,249,37
624,927,1016,2.9666666666666686,195.06891005852356,65.75356518826632,2494,2600,108,254,90
628,931,983,1.7333333333333307,180.2886475757741,104.01268129371599,1382,1426,47,219,53
634,956,988,1.0666666666666629,302.3800581864288,283.48130454977803,275,561,31,129,33
637,960,991,1.0333333333333314,65.1913012023697,63.088356002293374,1412,1429,56,117,32
639,967,1005,1.2666666666666657,37.62741699796952,29.7058555247128,28,46,124,151,39
640,968,1012,1.4666666666666686,109.10874738126002,74.39232775994992,1416,1429,-13,91,45
642,979,1025,1.5333333333333314,19.242640687119287,12.549548274208247,1529,1544,274,279,47
643,981,1023,1.3999999999999986,630.7374386197383,450.5267418712421,2003,2338,614,759,43
644,981,1064,2.7666666666666657,276.29030658283676,99.86396623476031,1242,1509,183,220,84
645,982,1017,1.1666666666666643,34.86348497546931,29.8829871218309,2132,2154,418,441,36
646,984,1017,1.1000000000000014,144.7127975195978,131.55708865417967,636,776,64,100,34
648,984,1015,1.0333333333333385,211.9188899399349,205.082796716065,1173,1373,490,559,32
650,986,1096,3.6666666666666643,1423.7698857595826,388.30087793443187,2172,3184,586,705,111
653,996,1081,2.8333333333333286,103.40888304495995,36.49725283939769,2512,2572,89,134,86
654,996,1026,1.0,39.52033922496169,39.52033922496169,684,715,88,109,31
660,1011,1047,1.1999999999999957,68.77436513453067,57.311970945442425,680,701,121,184,37
661,1012,1042,1.0,12.0,12.0,2249,2251,1239,1249,31
664,1013,1123,3.6666666666666643,771.6906166478067,210.4610772675838,1443,1862,241,685,111
665,1019,1050,1.0333333333333314,120.78851497395688,116.89211126511978,1560,1637,18,110,32
666,1023,1067,1.4666666666666686,468.4190945006656,319.3766553413625,1378,1607,43,447,45
667,1025,1062,1.2333333333333343,81.31281329580149,65.92930807767684,2339,2386,324,388,38
668,1027,1123,3.1999999999999957,241.51483232554304,75.4733851017323,2177,2340,319,419,97
669,1029,1061,1.06666666666667,94.81781345964063,88.89170011841281,597,675,161,213,33
673,1040,1072,1.06666666666667,120.17452179212798,112.66361418011962,551,643,186,262,33
674,1045,1080,1.1666666666666643,78.77388364066896,67.5204716920021,2365,2393,285,357,36
675,1046,1123,2.566666666666663,88.16779396410726,34.35108855744444,2816,2867,405,438,78
676,1047,1123,2.5333333333333314,1581.2242477770903,624.1674662277993,534,928,1240,1559,77
677,1048,1081,1.1000000000000014,1199.1706856458622,1090.1551687689644,-513,671,1561,1690,34
678,1048,1085,1.2333333333333343,183.14390095699412,148.49505482999513,2632,2800,575,644,38
679,1048,1079,1.0333333333333385,119.14960307453478,115.3060674914847,517,612,209,280,32
680,1048,1123,2.5,295.52467359285504,118.20986943714202,1451,1738,172,197,76
681,1049,1084,1.1666666666666643,2066.2374683428657,1771.0606871510313,1785,3832,16,184,36
682,1049,1084,1.1666666666666643,39.13556291411146,33.544768212095605,2287,2295,653,676,36
683,1053,1084,1.0333333333333314,124.43577847336344,120.42172110325517,527,553,23,144,32
684,1055,1123,2.2666666666666657,514.648321203033,227.05072994251466,1783,1921,38,478,69
688,1061,1099,1.2666666666666657,361.38237544383315,285.3018753503948,452,635,-189,118,39
694,1065,1095,1.0,189.71787809372702,189.71787809372702,2470,2630,62,163,31
695,1065,1100,1.1666666666666643,1710.1617041629595,1465.8528892825398,2556,3799,228,1401,36
696,1066,1123,1.8999999999999986,1134.1789036936718,596.936265101933,-365,554,210,645,58
697,1066,1103,1.2333333333333343,858.897451656167,696.4033391806754,2778,3268,403,1004,38
698,1067,1123,1.86666666666666,53.59840365402559,28.713430528942382,2539,2553,81,97,57
699,1067,1100,1.0999999999999943,795.9961757946171,723.6328870860193,2717,3239,139,730,34
701,1070,1123,1.7666666666666657,99.68251258986868,56.424063730114376,34,127,122,139,54
702,1072,1108,1.1999999999999957,73.57612422219852,61.313436851832314,2397,2424,235,301,37
703,1077,1123,1.5333333333333314,425.7538580091316,277.6655595711731,1597,1840,696,794,47
704,1078,1108,1.0,599.1308473598891,599.1308473598891,661,1228,1207,1400,31
705,1080,1110,1.0,139.3905370369863,139.3905370369863,535,647,-71,11,31
706,1081,1123,1.3999999999999986,270.0137227857633,192.866944846974,1760,2011,442,502,43
708,1088,1121,1.1000000000000014,88.86200466220976,80.78364060200876,2412,2472,202,265,34
710,1096,1123,0.8999999999999986,53.973511238318984,59.970568042576744,2469,2483,9,56,28
711,1101,1123,0.7333333333333272,66.5419514283636,90.73902467504205,2426,2449,176,238,23
713,1102,1123,0.6999999999999957,608.7083426260727,869.5833466086807,-376,209,472,589,22
719,1111,1123,0.3999999999999986,78.7262721394305,196.81568034857696,1934,1983,445,504,13
720,1113,1123,0.3333333333333286,27.032759252836126,81.09827775850952,2440,2445,185,211,11
721,1117,1123,0.19999999999999574,6.414213562373095,32.07106781186616,2361,2366,335,336,7
723,1118,1123,0.1666666666666643,10.39834563766817,62.3900738260099,2318,2319,316,326,6
725,1119,1123,0.13333333333333286,60.628572010297944,454.71429007723617,811,832,1432,1476,5
726,1121,1123,0.06666666666666288,31.171521989657354,467.5728298448869,2794,2825,109,112,3
